Player,Score
LoLNebula,193437.60307941414
Yihou,193299.76223301256
vysuals,177207.3010915562
RhinoFeeder,177156.47669681328
Scruffy,176459.61799911514
MonStahLer,173242.9580326798
JackmanMarcus,172589.43851182895
ConstructiveCynicism,172203.4444038471
Kuroshi94,172156.70961031577
slo_runs,171874.65481429457
valigo,167748.2008642467
HCDarkNight,166369.98780711956
Aribuge,165555.3325663082
cerpintext,164496.25732688268
ins0mnia,163978.61016767548
SkateKing,162806.83761260824
Xirtsym,161556.0613536578
DUUScarlet,160981.23542015557
homothety,160404.86889135442
violetblight,159523.04652797847
MIT_Battery,158896.91532622869
pest,158873.91056179008
QueenMagnolia,158717.7218028391
Ax2u,158336.2380367366
Skurry,157956.74171205205
StratSus,157890.78810032172
Paum,157762.8861235745
Boring_what,157176.94059414655
Liusyflat_ab,157107.76759813115
Ybelieve,156997.15263183563
XeroGoFast,156876.4562428946
Wolfcub_,156538.538756879
aksel_sk,155385.4665039622
chromeducks,155275.11151779615
Priidik,154792.08026248927
meemeee,154078.71057999888
BrotherWildness,152982.27542570714
JokullKr,152913.99303067918
SawaYoshi,152890.61139386237
Blue,152420.79419517313
MyPetCactus,152281.5828669853
larrythecarry,151899.7570622552
Mason_SR,149155.2484075858
CarolWind,148406.6531110658
azere,147881.85831947438
magmabob,146666.24164939352
3141z_,145856.26767634373
Green_Yogurt,145147.4838483888
jishybish,144551.85115336816
MrSir71,143690.92035173712
hazelness,143646.7828827244
kastel,143497.93258083466
QuantumDuck,143327.25217425046
natt,142500.7230478941
Theturns,141870.63909718074
Eduboy25,141779.40309334968
mys3cretskill,140640.7945987029
Deviltifa,137610.63089893514
pantaloonybin,137252.84994089027
LamproL,137107.62684258402
WasabiKnight_,136734.49143636832
Hy9er,136668.0032023816
binary01103,136332.09824428518
Quatopine,136059.85193248742
Mrks_,134391.47250371333
Trinomi,134138.18620593945
Alejsxy,134117.36067227818
NianGao,132950.34585704605
Dornoc429,132833.9289902459
Vord,132451.59872105854
Tremen,132074.05555132552
unyo,131346.10346562217
ScottyBVB,131117.25273804276
Murihoro,131055.00021378454
Nat3rTater,130995.9098111679
klapudo,130771.6930181328
BeginBeganBegun,130660.33694076524
ApocalypseCow,130548.95278014906
Skitter_,130154.46545213433
jeffisepic,130131.77233610445
arctanln2,130105.25608530806
Nephistoss,129994.83592287879
RiFle,129864.95818062151
slaurent,129847.24284731911
NerfIrelia73,129705.28353736919
mathulu,129686.07437825746
koralreef,129463.79683417386
buzhidao,129363.84746304265
DryEye,129308.482119442
Fababulle,128722.239289626
Anonymous (1),128554.38700404522
tinkerknight,128481.80544101808
slyzian,128283.0449629662
Ekkoet01,128269.10531423055
Pisces,128225.76355277457
Pharest,127896.00629606086
deaBaby,127704.87315158028
siddflippy,127014.33885205435
PsyKlone,126826.52300443687
daotmb,126494.3414038644
jxtxun,126033.57743246277
Icefire39,125888.74422970503
spcola,125753.93395760168
SevAeris,124939.39743081282
fireb0rn,124861.92117538051
Insertnamehere_,123683.2644474573
Dillio,122632.54265866397
TheDancingGrad,121847.60537854566
nolaann,121673.09199367305
fivebrane,121078.42951950686
TheMathGeek_314,120915.52355866425
NoodlesYes,120572.89598947889
Jodii,120524.62651929697
Judgesphinx,119763.22516611865
TyhachD,119748.86733838191
Kaleva,117916.89656407913
vichisuki,117849.33129223154
ALegendaryBagel,117829.93172625218
pythagoras__,117587.13632407396
KofiMood,117508.41777126331
nouwi,117474.29138689025
Frunobulaxian,117112.6729725529
earlynot,116874.0367873399
Joeleren,116537.34050622117
Ess_Superman,116194.5738223129
Xephros,115779.14286967536
JonyyJony,115764.84264021122
MattApocalypse,115529.72516570135
ManicJamie,115294.62928778637
jhearom,115142.15299177301
Flave93,114783.00234743817
Uppercasserole,114692.47886613625
hcfwesker,114335.33745737614
Kryptoxik,113786.49939925838
TamiJo,112989.02170436304
JasmineHayami,112745.66217259939
Elowen679,112702.41142715252
zhikong,112586.44001832695
GaffeyTaffy,111986.2500645899
Zenki12,111830.50875030598
SpringSylvi,111820.5642914721
methylpalladium,111228.69730777718
Michaelo,111172.45661570739
Coco_58933,111081.60258407271
Adrin63,110814.55807045927
underlein,110695.39620452584
D.M.Professor,110128.88439908906
jjyoland_Erling,109317.85019782423
CollieMonster,109281.75588946433
doveless,109125.30729477406
Tombo14444,109054.19901359217
LogenXD,108996.82207860803
Ushebti,108935.4696601615
Webcretaire,108812.97943024866
callist03_,108209.36626019792
tophatluke,107758.36677381958
simozx,107596.59594600704
cannedcat,107370.94616183377
spearr_x,107198.15816645799
Serena,107188.0431434311
lulujiangye,106986.76411783804
raymondsr,106701.74358566533
yujene,106592.75085749748
JBHyperion,106577.51434416798
calligraphiti,106286.89091319041
Ff300,106147.87226380952
ciplax,106090.16254637933
Spicie,105883.99786080598
ItsOtter,105716.93257200286
FuzzyVolt,105590.97480415061
kogbro,105276.56388854168
louisthexiv,105148.13404583966
Gusten13,104791.33356961753
fengyan,104764.0565737104
it_me_ari_,104571.01706249159
DFTzzz,104352.67470268207
Astral74_,103926.20952174318
DLKurosh,103727.17965131757
allison8bit,103503.35638874758
JozNski,102303.73103810455
timtom1241,102007.06876131569
MooseSR,101488.2122155678
glovmpop,101457.65423789014
WANX,101329.26253869105
temporaryhk,100834.83791694582
SolarBeam11,100749.2940068744
SirPatrin,100574.50007435778
Thundar001,100072.7936618327
zVypurr,100000.0
Icypanda64,99955.74570452652
Paerux,99905.19023368866
Lep,99568.7336560453
Sethadocious,99537.85296097802
Quadrales,99335.56545817707
noxiousnick,99144.21479210912
Wohainenggou,99133.44281063424
KujaRhapsodos,98633.59308135236
vls_SR,98599.57964890404
BuffaloBeary,98356.7804115091
Nightmare31,98194.16806783181
Shij411,98048.32124117827
Spirity,97579.2009468423
frying_whales,97488.16864171202
Nockgr,96862.2655427221
DriftLizard,96653.76101021864
xion_ta,96637.57488175255
PlainBreadMike,95720.29579876956
Aertosaber,95667.93544876426
MarcyAugust,95087.11497831721
OddBod,95011.10646992274
oatmille,94944.90261677321
krysanthemoof,94312.6950762374
LoidMax,94180.39506352911
a_Press,94103.42874893786
Midori_sr,93756.81662941173
skn48,93511.29690040962
MagneticPizza,92934.42508869924
JaGOAT,92934.42508869924
picardy4th,92731.72565702624
Disney_Reject,92103.3993564706
klp233,91481.95221894419
Lyliya,91412.10166265909
Tabri,91240.90755288534
timesink,90788.0594698051
SkyeZoomer,90372.14927207725
Hyllina,90326.50573979426
ColetteMSLP,89723.47540238845
expression_sfinae,89630.63390943098
patrick_star_,89266.73893191759
partofthecreed,89176.09430314437
OlallaZ2,88966.287780987
JayRod91,88948.11548826874
Urruboros,88640.69734157188
Jura3,88632.06246033491
Schmolu,88507.74248685208
lethal_vessel,88475.97588962049
Staxis,88327.89111627637
RealSdf,88003.62743288593
MURMURMUR,87635.73609184194
LeCipotte,87529.20716108906
Jaq,87293.56576544877
RevloOW,87236.13601230113
Darkelf314,86918.28921916538
noahnee,86679.28774330688
dap0,86415.71340408768
Tobbib,85640.97882731745
NeonDelta,85299.34101862174
xxz11,84945.92955575536
Asgoriel,84785.8053132046
Riolu00,84785.8053132046
GANY_MEDE,84621.69253236307
pkfrog,84621.69253236307
Pikmon,84369.65486878756
aspect2,84101.68192006444
OpalHello,83952.08730935947
kanata_ako,83850.60447900077
JackBolt999,83520.95321659581
Sarah_FoxG,83488.27954964759
GCRagnarok,83324.47648240668
atarime,83131.48788927335
clappedlogann,83126.1987014149
XBowCooper,83126.1987014149
N0V0X,83117.70985571202
ChocciAdam,82799.25231725465
Haven_Vmi,82541.94557675919
K7Fred,82474.23103199386
Elkaras512,82360.68548665718
Jiro_x,82348.23253235863
atn34,82251.54681530457
Sev_SR,82231.71933467082
BasicallyDad,82046.80378609002
alextheordinary,81852.21825649597
speedrunner_asriel,81818.07547371107
Bu_Fangshe,81809.83428617417
maclaque,81658.72328003164
Karume,81600.5540147241
tes01,81590.2261677162
winglesshawk,81401.63097002165
Grondious,81193.09740128966
thekrynn,81035.30790726912
taxslayer,80925.39719483897
velociroger,80912.36057044622
Mrr_Cat,80865.78487313661
Onmiwe,80406.05149921453
Polydactyly,80329.55597185975
Gidge,80151.67533153767
Eridan11,80107.97239818463
évoli,80096.43525516616
zP3P3,80038.14508857329
SteineSindToll,79941.5847640569
Lexerphthisi,79876.5262347077
ItsZenyth,79800.54204413848
Killerparakeet,79787.18289808398
Set3,79508.24626496159
Bento_Player,79490.84333396533
thedoubleace,79403.1296269415
rainie923,79093.32168771836
mcflono,78816.19189935115
AshySR,78734.37809958342
militantmold,78718.78695554467
Psyched,78562.7917317992
alabastro1,78502.91936732415
Screwmyshoe,78267.46182550765
Clark_O_Tron,78264.66882330723
PanRam,78207.76708242507
HuntHussle,78043.25340834199
Swordow,77925.45837997989
Kein_RRR,77923.00026602481
chunqing,77882.81830509403
xTeixeira,77812.47934430563
eirikdyb,77772.61637345699
Jinxts,77744.66822614858
itsjinxed,77602.03324904188
xianbai,77599.43406885932
intervisible,77446.54694555896
Pale_Manny,77376.37843891143
Holy_Wakamouly,77253.18211389094
Deimos357,77009.57934194084
Garnix,76863.58965089219
T_K_3,76645.38226727502
ColbyWan23,76495.1241947528
Swoshy,76428.10276701933
Anazur_,76357.10103148507
AcridStingray3,76355.88155416824
Lota_Cocoa,76181.24703168821
Manno_Stone,76084.51900522647
SylvieNukie,76071.89665966085
Rekcah,75974.77373955889
Leydybug,75924.6962613294
RyuKa,75797.72921347567
StickminFabio,75781.77921769324
coupawn,75698.97310414806
Alkor_tv,75639.26532497794
Steel4ttack,75568.15908653356
AutomaticSideLoader,75568.15908653356
ConnorK,75331.95857844922
Kingsam101,75284.2615867911
DJNattie,75214.12743893638
tsira,74985.91965941062
Culfy,74875.78152467712
MangoPomeloSago,74759.40606953524
Vorime,74677.12820111206
FINN_Dupsuk,74652.82994147962
DrZebsPhD,74648.71127624507
Zach_Smith,74513.48731213619
Hot_David_,74443.96225194879
Julie_underscore,74235.96990955669
MindfulLine3,74216.6669358349
BigStix06,74127.8328663769
Strawbrary,74097.79223841676
stipowll,74097.79223841676
Olvior,74028.84802978476
haimo,73955.45581616928
Magolor9000,73891.24797024987
Kotourachan,73890.36850947233
S2speed,73822.59176213706
Miyaforlife,73802.84746122599
White_Ling,73760.4514031509
TheHollowMC,73743.72760446915
Samw1tch,73713.5375982051
MohammedElshafei,73397.38835942086
eNaReL,73276.77040466393
ZEnryco,73180.04354875752
p_sebastian,72988.09597619195
Ferni_Valentine,72871.36719672535
Andrwe,72804.12718443728
SacrificialLam,72796.90261762479
Platinum,72669.85743656357
Ariq_,72536.09565053006
Teto,72495.72382151904
Alo_One,72479.91234477721
AcfunMakise,72306.5215088317
Zirob21,72290.71100102365
SAD_DE,72281.8387128449
h6303jixd,72271.3600935349
Wumper,72269.54155106355
isnialan,72203.13260299525
Halovic,72201.76690062863
VlaDOS_095,72164.98804915654
raccoon_gal,72163.55071070156
Dangil,71938.41006649272
Aerrus,71938.41006649272
belfegordo,71918.52869802192
Beatami,71872.45690922877
BioSilver,71806.59440921934
hartenbower,71675.14071703632
WhiskyUniform,71544.04766588345
Sera522,71544.04766588345
prinnrose,71534.49636955219
Eisog,71434.95530972985
Princess_Lexy,71411.12836171592
Northirn,71294.03927387242
Vlubbher,71152.91920853536
DevilishBird,71067.54791938973
Asm0tv,71048.09193052271
Dako_Taco_bb,70700.64300176958
Azalaxx,70681.55036507225
Hihya,70636.38429752066
Gaubbe,70444.13294379039
L_Walker,70360.8962573907
firewollf,70316.40108802402
Flapadiddle,70282.54010660583
Cajunwildcat,70193.97466757036
Moochyy_,70125.45371901912
pugs93,70051.76754683607
Dav0spheer,69998.58725251327
AlexKnauth,69884.66466891729
newbiegcz,69777.51084657034
Akustor,69722.5
gabopsouza,69620.04669029963
Zenonira,69539.44745134226
janvanganza,69539.3625190612
buhbai,69494.54865958575
belle0317,69477.07044561273
Onaku,69431.92685725984
Feenie,69417.96672304005
Gremlinesme,69388.55957603129
Scythear,69244.56847124857
Torkjeld,69243.38770051388
kaxymonoxy,69182.28417624682
oxidiot,69182.28417624682
DerpySR,69178.50887617585
Ptkyr,69120.08387894001
ChompsOnTheLoose,69111.34882065815
Ristor,69061.66975465759
daltonysme,68990.08313472098
zcolbster,68869.13633582355
kerchoo42,68832.18715554211
DadVlad,68657.0788427722
Farfux,68564.0363003428
gcghvcg,68540.71093344135
SerenePrince,68502.66773210312
BlueDragon1130,68482.63789141052
Flintel,68441.38151935098
eharmony23,68366.71300674453
ough,68304.6733997802
SeaPickles,68197.05728227984
iKizu_,68193.37680854963
AxtonKincaid,68175.65555374278
GregTheBoomer,68136.18064413266
Prodigal1,67791.48028289573
Sardine_Slayer,67757.92518416072
colemere,67712.31740723773
Gsmall,67677.30517846737
Sarahspeedrun,67652.08853104697
JustSuperJump,67620.32576177285
Kitosan,67620.32576177285
ACertainName,67606.97468760192
Truelegends0686,67563.41827364556
Belial_13,67471.88326980793
Dankids,67456.52805897355
Ville907,67442.24615339046
Mabian,67393.12617178368
PrincePratty,67393.12617178368
xuwuxw,67336.5051903114
bili_Radiance,67306.58305824154
siybs,67232.72746938314
LocusSK,67173.13719757558
foxxx,67074.6418476873
B3traya1_,67054.46778212888
pULE_BlueGoat,67054.19408288295
RongNian,66942.14876033059
yagg,66942.14876033059
HypoCritical0_0,66876.3708840225
klebn,66830.11171090604
Des,66830.11171090604
FFbestfriend,66774.19863097636
Korophyl,66758.21477479067
Slash15,66718.35569080412
MikeFromStream,66699.25411105146
DreeBS,66699.25411105146
aMellophone,66662.58277312334
blackpear420,66640.37152366611
fa1nt,66581.56687484274
samdwidge,66581.56687484274
vitaminE,66581.56687484274
Bosjesmannen,66527.51383430492
BakaNA,66512.52270533971
Stalky,66495.68298603999
UnderTheBed,66464.1908432326
Darastros,66389.68710878884
Lerghik,66384.7644348928
vATomyy,66362.87923854848
Joshpai,66288.70790766196
Brindley,66288.70790766196
LJC00118,66274.12318005922
_Astral,66172.10510189722
JeviLevee,66172.10510189722
Chory,66055.80968482068
BlueTomato,66053.66886896997
Beetlemuncher,66053.66886896997
OhkoXar,66051.99223522832
Gliscor989,65988.69989493735
Skarfelt,65939.8205769289
drderekk,65939.8205769289
gaoshenme,65889.04919745524
mandosrb,65824.1367034532
funk999,65670.51187135208
Seeo,65610.52614590706
Schy,65607.68903604185
bananafishbones,65593.68038419912
Yuushi,65478.9058123333
Durt_,65478.9058123333
Lemonplaymagic,65421.63146054686
RoninPls,65346.41560857405
DrCrowtron,65309.68664934517
P4yin,65234.918829887756
Moonshine_,65144.227647385334
WhyNaught,65079.55815660511
buckeye734,65079.55815660511
PLTBreeze,65022.80685504662
Taostr,65022.80685504662
JuegAriel,65007.100326503925
FacadeVT,64967.72486943718
judooochp,64865.31663397213
Rekinn,64796.54236592979
ObsKure,64683.85274835344
ThickCoconut,64593.96433470508
I_r_foole,64571.45684821199
Lernaea,64550.04692412213
El_chachon,64434.76793351589
LunarFugue,64403.41148847416
skun,64403.41148847416
chiaki,64343.09722186679
PastaLays,64276.15933412604
SpaceNarc,64244.16241210977
jp8a,64223.41992355913
Wildpants69,64180.369538249906
vgfreak95,64180.369538249906
acaroline,64135.47359060717
Parables,64118.135646301125
Quacksilver,64095.532096486866
puggytatoes,64027.06035697898
FuzzyGames,63954.93751239833
XundAO,63903.19271008861
Kneato,63903.19271008861
Kronecker,63882.93646264508
burkicle,63792.824522202376
maybe669,63785.424864586836
libiDodo,63647.54541522493
inoki,63627.80758456347
ZeroXis,63440.05559266465
IllegalGarbage13,63388.34167136291
frocss84,63388.34167136291
Lagiacrus,63245.24916175281
DianaR,63190.87972591417
JQKAJA,63130.71811477575
Kenorah,63098.88553436825
Drauce,63082.35097011136
NedransDirtbag,63028.19140963686
LastSparx,63028.19140963686
polar2046,63028.19140963686
Furby_81,63028.19140963686
StaciFaye,62974.10156753671
Epsnu,62974.10156753671
quarth,62922.70556858132
KCS,62772.67546873264
Shaderrr,62704.693955220115
peaches_,62704.693955220115
dudexthree,62642.34855461467
DTail74,62620.16041966014
double_negative,62543.87839254888
dimanxing,62517.53929589197
DoxsEgo,62490.41066394487
ZergIing1,62490.41066394487
Sawny,62490.41066394487
anju,62468.200531261784
gulebamse,62437.011469062745
problemstrol,62437.011469062745
JKontan,62437.011469062745
Zordix,62330.41821240759
minted__,62277.2239172304
Upgraded_Gaming,62216.16043908434
mmmmmelatonin,62118.04896909652
NFreak,62065.12624607214
Star_Sterny,61965.642632495474
Firemann,61965.642632495474
methelumi,61959.48349713953
medi,61959.48349713953
WaffleMelons,61959.48349713953
Marshbag12,61915.72066664026
sunday_btw,61915.72066664026
Asits61,61865.859005149636
baibloom,61860.40508317384
Neptune27_,61794.508517854454
Marcel69,61766.31620710176
TraceWasNotTaken,61696.5536706443
Dyenamite,61675.71341938174
Fasu,61667.01346398135
Leish,61591.85016185241
Glitchy,61567.95000452776
remisiki,61567.95000452776
Alosno,61539.59832949596
Zoltorion,61487.412961200425
Mudpip,61469.12506057536
Kelp_V,61447.671831941654
LunaTheDragon,61435.29394429099
DustZyar,61419.801792702936
dax_,61383.241166331514
thistle_dew,61369.75747896048
obr1an,61331.2545151239
Spongerob,61331.2545151239
Dedezim,61321.33318842528
PolichineL,61272.18766189694
Jeiwriter,61272.18766189694
KounterKitty,61227.47914535863
GrooseLightning,61175.69020358965
SebaxReloaded,61076.19518395594
Peanutphobia,61020.71701641837
muJik,60986.446919550304
Azerade42,60917.72848284289
Smonkiboi,60917.72848284289
Exyl,60917.72848284289
MinW,60815.000459830146
Fjado,60796.175292928354
abduzcan_yolo,60687.020896734444
electrostats,60661.39496326747
ACertainNoob,60661.39496326747
Msushi,60610.32243767314
Luffuu,60610.32243767314
Phuuapeet4,60559.31438401978
Noix,60559.31438401978
Verkir,60559.31438401978
piggycategory,60542.03901525372
RecurringOddity,60452.73826050973
shreshthanigans,60434.65002814787
Archaic84,60406.675971143755
IntenzeMcNugget,60355.924722830314
Jowshieee,60349.53662829443
thearlonian,60305.23740638165
Mutapia,60302.02086007088
Dark_elder,60301.55449015647
Wltrf,60301.55449015647
thatlow,60254.61391446201
Tickler,60254.61391446201
broketail,60205.76172610278
xinu06,60204.05413996084
pogodemon,60204.05413996084
Celcius_k,60204.05413996084
caffeinatedcomposer,60132.714593704404
Kelux35,60127.82177445711
Relyea,60087.988558814046
WhiskeyandWit,60069.90536065064
Elyria,60062.50000000001
stringonankle,60052.75605322752
DoubleShine,60052.75605322752
cdsx123,60002.45008177761
SimplyPlagal,60002.45008177761
WizardOfAzz,59952.2072955509
Storm0149,59919.74901064783
pyrokapi,59919.74901064783
Stefler,59777.50633318476
Acrimionius,59735.736319781754
cjya,59701.93744849558
Juan_Pequeno,59701.93744849558
introjerk,59682.95908608395
Dea1h,59602.26812121635
Dan4lk,59602.26812121635
st0mba,59552.52702751665
SaruWanKenoobi,59453.23145991134
Immotv,59453.23145991134
Little_Screen_,59451.55476928587
LuQiu,59400.65932053355
Variel,59226.14623372762
Z0_0m,59206.07632746486
BenWaz,59120.35774071549
0besatre0,59119.19042210026
BlackJack_2102,59107.645627396145
Macaronz,58911.51919060959
NamesAreHardOk,58842.03553284143
RanOutOfName,58813.82182899098
hotaru_st,58812.165828981946
sheepsheep,58749.69810409372
yaho2233,58716.36729423044
Selrec,58703.610874563536
persistentcheese,58691.52118222866
BooTheBun,58667.730835522416
Kishoto,58667.730835522416
Ahvena,58667.730835522416
Onion_Soup,58565.67410402806
ChouMao,58519.80320380669
ShallowDream233,58291.25507919169
DaViDLlaCeR,58245.706141622766
Fishtard,57993.11777206615
Tegon_McCloud,57973.530317020624
HushVGC,57945.37698975312
Kokatsu,57802.50781791031
Un4Gettable,57776.27959405672
OnzinPower,57748.171811836655
MrHug,57745.35424757783
Ne0sam,57660.16637924855
Miuo,57658.39619880566
arigrate,57568.82977162697
Lo_2_Source,57524.12479969837
PuffZZ,57479.471880907375
HzK,57471.194228137436
arianaaaa,57471.194228137436
szymoncostam,57330.07409911587
piepenguin,57301.37912385074
CinderPiler,57256.98526216303
mapl,57142.721041044206
Zanguy,57142.721041044206
Voxplox,56909.81840566328
Bozon69,56903.684229606755
Zangolf,56903.684229606755
wanith,56772.038966049375
Sly4er,56770.75964660927
shupik,56728.25871784801
caleb_charlie,56640.85001169435
Helslo,56494.16683191222
Jormungandr7,56468.58144208439
chillfox,56448.26460603373
CuteReimu,56412.372034251886
Glackum,56049.41534352442
DewbBers,56034.60674573274
Iris_ti,55948.79572195589
IxAMxSamurai,55947.011054555354
InexorableImp,55947.011054555354
Seikent,55947.011054555354
Spilled_OJ_,55811.46413631263
Mpuddi,55811.46413631263
Brorsi,55580.26819488169
plusn,55565.07487908631
JoeNPC,55497.0972306002
princess_celery,55448.560298073855
ConnorB,55274.17278331441
g1t2r3,55229.74909792082
Jesuisnuit,55185.28812477383
alfoam,55185.28812477383
Butchie,55141.06224093159
DylanRegan,55101.419917855135
henryst,55096.79889754865
Tiouz,55052.588830002394
vvSiegvv,55008.43195282934
squigglewiggles,54975.9756331692
Evelyn_Xeamyyy,54975.9756331692
Luuke7515,54920.27742860471
Lacki_ng,54916.959088712945
PilbowZortox,54850.959242390716
B3traya1,54767.8517403204
Gyorgen,54726.36880165289
YxriTheSlayer,54645.87115111987
scudpuddle,54613.399608051375
Revooo,54527.0652986607
mmango,54519.65937800394
Lvl100Feraligatr,54509.23944772439
LittleEggpants,54482.667399731465
mengyusanqiu,54478.45804988663
Liyrslly,54396.195384306455
rooned,54395.77320717785
FuzzyFlux,54314.11890352438
Mikael,54263.44528050166
UNsPooKie,54232.22804610881
Blubmin,54222.60730602949
ellomenop,54191.35205129455
soyleaf,54179.44503326707
Radioactive,54179.44503326707
Puddingboxes,54129.3852774976
voidawn,54109.73858086756
KuulGryphun,54093.274955396955
HollowDoge,54050.26698654989
Eriss,54028.30933945866
DamilolaKoi,54010.89435881504
WhitePaaws,54007.310288873
rixxian,53982.94202684224
Megasticky,53964.40478090265
PanditaArcade,53964.40478090265
Plutoker,53927.129021617315
Nynomastro,53878.74700903542
youran040506,53866.00132948807
Mr_Rabbit215,53835.994583018386
Em_iIy,53835.994583018386
Bensocks,53835.994583018386
Slothy_,53834.7107200992
cassiapaws,53825.53860691222
LF,53825.53860691222
lugiin,53825.53860691222
izi_the_noob,53825.53860691222
Turambar,53785.12145901703
ELETRIC0,53704.423613726685
SkySaw95,53665.49272781614
DanteIfRiss,53664.14277988101
daikonic,53622.993824134894
Katafolt,53538.147328206374
GreekSquad,53503.47178386569
xuzycuan,53463.416781126405
JuicyBananas,53453.502049222305
SovereignGreed,53344.224729811955
FabiGrepo,53343.5212850525
IvyOnFire,53334.899643935874
a_little_flame,53326.91002248626
ImJustPearl,53310.86569099127
Goose_47,53291.126259486286
skullptura,53290.914599873264
erione,53200.76716890555
_Zei_,53200.76716890555
Dragtalon,53184.28698196965
MattStrats,53154.359663069285
Siphon123,53116.92042516517
BlueMushroom64,52949.82050375418
Krutus,52908.16872915818
le_chamoutte,52907.337473861604
Etimo,52828.60632781111
Sir_Zylo,52825.0124846723
FinnaDie,52825.0124846723
1Frame,52783.507860476064
ShadowOfTheNinja,52720.226843100194
biorunner,52700.645223546824
Done22,52671.67033925795
LordKry,52632.54560869364
Nartax,52576.71664744329
Marclap,52554.42681335906
Throwout123,52453.2246955994
PromtheusGaming,52437.574316290134
polix_minus,52437.574316290134
water07,52330.16731933944
DarkDemon35,52330.16731933944
TranscendentalAnarchy,52282.37625320391
Ouro,52166.76330566406
duduzhi,52085.34815879232
Flazer,52050.867860404884
EdgySM64_2,52044.712039286525
WoahE,52044.712039286525
bug_bh,51943.73449196782
Oogway710,51897.38215592553
opaape,51882.64218970545
RipeTomato,51782.71296136901
eocampos,51782.71296136901
MonsoonSpeedruning,51761.58609517176
SaliVS,51721.328203561825
Shlump,51640.95319129911
AustenEfe,51628.441265777656
SunglassesEmoji,51600.83592484525
RobotWyrm,51554.51178633218
Gonmas,51520.74150785078
alqk0310,51478.77986590877
cryobraz_,51400.94908604275
PickPig,51397.312774206715
Nincat123,51361.11111111111
ItzTetriX,51327.81578334013
bbeauz,51321.31943248738
25stride,51241.9166037898
mairward,51112.95750905218
Kuplub,51083.53757727414
Zhorox,51004.64409471632
SidVicious,51004.64409471632
Keubab,51004.64409471632
TriDimensional,50990.56512337529
PlutoniumDevil,50965.265872601776
Bondras,50965.265872601776
SirJayP,50886.646114349955
Tzettchen,50847.4044376796
M1sterSmash,50841.74195537502
irlou,50804.637966860246
Ozzcarr,50729.95137713349
aguynamedtyler,50729.95137713349
Avonis,50612.90480652205
HushVox,50573.97928994083
pookiever,50509.26279056464
RandomStuff9001,50509.26279056464
QuickBread,50457.47179331038
Keltik,50362.54024557193
whentington,50225.661356500874
snappingboot,50225.661356500874
clurima,50148.74611302591
Have_,50110.35472984857
Ytobej,50073.613904050566
TickerSR,50072.00741559944
Saftii05,50072.00741559944
Leaper711,50071.00661625709
HybridNeos,50033.704102856194
Tomppa7,49995.444724325396
Wiglink,49995.444724325396
GerardSurLeNet,49962.33381786544
SlimeV2,49957.22921284216
ScrubTheNerd,49957.22921284216
Phosphate,49880.92952300025
GottaCatchAToast,49842.84521095218
kobalt,49804.80449857234
Whynodoublejump,49766.807319334446
MilpyCafe,49710.13567230122
Matthew4567,49646.39055059791
mooshiros,49627.305137030584
Adamcake,49615.25260770974
Windrunner315,49579.60898474597
YEPFishh,49539.7347303608
relax_kuma,49459.84227402182
TheMattMan,49426.780783298884
Boltonhero,49389.21530429587
Quetsacloatl,49389.21530429587
Silici,49353.15201076549
andreww,49317.66529466595
5DCaster,49314.2127102485
PrinceFluff,49276.77546528113
FatalKetchup,49140.80452513826
jokami,49127.45198909505
Nitrostarch,49090.227173618216
GonzoTheReal,49090.227173618216
MattyIce00,49070.326506919395
Aquaeri3,49015.90435736466
MoreanP,48964.89342759992
BDJoe,48964.89342759992
limebanana,48935.96399565892
hikarukami,48894.79337441348
soughtsphinx,48830.83408890557
SatanicNerd,48793.9458302868
karura,48789.92521505277
Saff_fp,48720.29460179351
LYNxxxxx,48702.18951146887
spiderpugz,48685.39407160803
mulanv44,48683.53150587398
C0daaa,48683.53150587398
Kx,48646.81000500726
boolarbear,48610.13003646753
Dimiros,48511.92050891227
Resshin27,48477.33706997627
Ruah777,48474.914617924354
MageG,48474.8502981577
SlyHasFallen,48427.35099152946
RetroDude42,48408.281043028335
Boba89,48390.918906310064
Whiplash06,48373.80834976989
Sunset_M,48354.52791763156
troeskagg,48354.52791763156
SrPancho,48339.37246664685
DannyDannyPham,48318.17796370626
CalyxAndKaylex,48270.610921342326
zwielichtengelchen,48252.68779384813
Jowel35,48245.60091354461
Cavernosa,48236.285154661295
Delerzum,48205.49690396265
Ekoskiis,48173.18726384042
Squeal,48173.18726384042
Daniclo,48167.7433726888
jraytier,48167.7433726888
7kisHoshino,48133.52725345381
brennemania,48120.12204165337
Sorvan,48099.34757957773
LongNotes,48028.84820708086
Readypanda,48028.84820708086
J535,47992.86480455492
recurringfear,47956.92182524654
TheDawsoning,47956.92182524654
Skribe_of_Sirkles,47944.64477325539
stasio6,47921.01920863061
Thorneto,47921.01920863061
Jowh,47921.01920863061
Pathey,47885.156894295236
shovelbros,47849.33482194154
Chemposer,47813.55293138335
Sogard,47773.29517728786
DrDabaniel,47742.109455470876
volframC,47670.825987313445
paddylb,47658.304929215556
choombert,47624.630099014845
SplumonkeyMan,47624.630099014845
Parallax2137,47599.702049454216
Bluedime,47493.31422191518
Valaar_,47490.28706268126
AllieCat523,47423.32861198254
Flay,47389.90247831633
ckho92,47387.28266974339
Ashbvrn,47387.28266974339
Sholzi,47352.017716419556
kanjam,47323.15614507884
StarlingHK,47229.60776065823
Maman,47211.35082726862
pprexbest238,47176.2820442056
S0LSTICE,47176.2820442056
Ethranwar,47141.25232048707
Arzh,47123.76104595674
JustAFurry,47106.2615981292
Shmeatboi723,47071.30981925575
thred,47057.57599647346
MyGuyL,47036.3969260978
claunchy,46988.55691394146
yafu,46957.06223951611
Evandar,46931.89098483225
cmX_,46862.41373160982
lifliif_,46859.855307546095
luthelaril,46776.24098844854
Andaflames,46761.46193771627
Naix,46761.46193771627
rethburg,46663.378143136666
gomepps,46619.63767695428
Dazay,46566.910559783966
IsHayden,46523.13956687333
StrangeBirdRaevenant,46490.46765078703
Rimogard,46468.134097201284
Rippy,46417.71782807411
turtlekether,46403.32499197963
Solzark,46383.2356079442
PetaZ,46370.97127151135
gesjht,46370.97127151135
Remyon,46346.21703926549
G3,46346.21703926549
Drascia,46284.33365037838
njiutre,46244.00155769792
Entflammt,46241.89416981556
Randomgermancupcake,46210.00486591696
justsimplyx,46177.55762919443
Sienna,46074.39230551944
KkomaToast,46006.80978097923
Silu,45953.433915318026
zuruk,45921.54948684818
GamerCoon,45838.502587901006
RandoFando,45804.95199243713
justgowithjohn,45804.95199243713
nerthul11,45794.343039665284
arcadee,45734.70862619532
PallasiteWitch,45722.91023286051
xilted,45712.92760084578
SulacoKnight,45573.00008638562
Ronja_Piratentochter,45541.510710862356
maedhros1978,45541.510710862356
Leninus,45541.510710862356
KPCzombie,45438.31386531374
itsJVbaby,45438.31386531374
LSJay,45409.61991381215
Arcanum,45405.20159542367
Zanahorio,45321.996088072905
DFGBen,45240.181918726754
c_gull,45197.271011757875
Pottatto,45174.42584904521
camille_qt,45166.170189687524
corridasbryan,45141.6015625
Keonimor21,45042.81119991616
Slorpo,45042.08736316292
CorporalAcorn,45011.14655187368
Pollar,45002.792880600064
Shokolaat,44978.01553443479
Tartare2240,44957.359350449035
ThatQwertyPi,44920.13451279193
Cecil7,44918.51516523314
Mojo45,44847.78609705919
Rabidat,44815.317112713616
zhelezo,44795.45079793543
GuXY,44695.043602779544
FoolishSpud,44621.241626014904
bebbehands,44589.01830760283
SecandraS,44589.01830760283
Lord_JimJim,44580.43207380026
Lv99Weeb,44556.82988179177
Lanus,44492.55750662678
qubeyy,44460.47345682682
mtrulin,44429.27698633647
GnomeStank,44308.21634235388
Dashin_Boi,44300.572584862755
Dsonics,44278.02849356733
SyameimaruSilva,44278.02849356733
Nethgor,44173.272154721664
Keto0801,44097.54758695926
Loril,44097.54758695926
Wish_SR,44078.15657745874
ManicDream,44046.519645710854
Adikac,43983.34787951644
Booshmasta,43951.8129474742
Theskribbler,43951.8129474742
Bluerabbit,43947.98843542213
pucked99,43947.98843542213
Merlin31,43918.16791825819
Avasam,43888.84474216595
Pandrrr,43888.37774247058
WinterTheWisp,43857.41137182782
BlankNametagStudios,43799.18885223591
TheRedKorsar,43799.18885223591
Midouri,43763.05682884771
Pudding_Foxx,43739.88054644103
ToastyBagel,43732.01497745605
chili_42,43710.271557242646
atinyviking,43671.91536711643
QuantumTimez66,43651.14370258606
JePi,43638.320274900405
kaSa_Sr,43607.1556122449
Ysangwen,43607.1556122449
JayR00D,43576.02432241966
AgedWater,43548.539104173775
-George-,43533.24735208181
stegarootbeer,43486.288193252396
bberry,43470.23316586191
hoagiepops,43408.80165704761
musgley,43386.54738105327
stetra935,43359.035742404696
MerYuu,43357.29638078488
TheNukeMonkeyy,43357.29638078488
GeneralLankins,43328.16972754893
LilSyuto,43235.76917862686
TangoDown,43182.409985345505
MajinBlayze,43174.33292467503
Slynx,43124.349608736375
Fjelli,43113.0275253422
corpsvette,43113.0275253422
SourMilkNPennies,43082.42378005943
QuiKZerO,43051.85260927799
KatieQT,43051.85260927799
Toras_detto_Vico,43021.3139667847
NathanielHammer,42990.80780644837
FiveArms,42979.70993327918
Str4ng3,42979.70993327918
EthynWithAY,42922.057746697436
Fulvinsjesus,42922.057746697436
qwe19272375,42835.79672462248
drzej_bp,42778.433762559725
danza_,42778.17032658823
RadiantOrchid,42749.7954813454
TheCinephile,42721.18594861373
aquamaster,42721.18594861373
mezdj,42692.60512589878
lazydodo,42687.522631072934
Hollow_Ink,42664.052974798935
flibber_,42643.5877608745
CanIHacksACasual,42627.25080995245
battlebrobug,42464.98751003255
Dark_Shadow6000,42436.663357070145
me_carlf,42346.570180669085
Rosenmontag,42305.892398256176
Solus_Hebi,42154.973704872114
Jwow,42121.38515831781
JER3L,42090.50169282857
Weah26,42043.08264948175
Promachos112,42002.02982723126
rainplaya,41987.30410484318
ConnerTEP,41972.60118576124
TrashDeecoy,41943.20346214126
Grendy,41910.927223125625
GreenKnightF3,41876.07950705311
violetkisses,41855.19536581293
ZeroTheFoxx,41792.95083373684
parrydog,41792.95083373684
tringhy,41765.29627645665
MikeP,41751.91462404703
truegen,41650.91722022727
Torinau,41650.91722022727
misscounting,41646.18594517512
FurretWaffle,41572.48065661301
BlindDeafRef,41518.12348596802
PureOmnipotence,41517.63570129448
Fuutsu_hito,41448.13093085871
Simaxxa,41448.13093085871
Sir_kit,41380.99720351825
orangy,41380.99720351825
mouronik,41304.18892831077
DaBurningDonkey,41246.82200616482
Oromil,41246.82200616482
Jpmoyses,41190.833673421665
Typin,41189.57451548229
zaynanater,41163.774496176105
Vergil_sl,41162.73612308085
D0ugh,41160.99545336557
Saff,41132.446124969305
rich_chanel,41103.92648906108
AitorTribal,41055.80398660797
BulleTrulle,40975.10463709853
NoZ-,40961.77225869937
DoffyMM,40876.83340698526
frogmarss,40820.35419658622
kkonfetchik,40820.35419658622
whiteTigr,40814.41810699747
FoxtrotTheOne,40792.158477035926
Flamehaze,40683.96235443528
whitenoize__,40679.66722833021
patekpo,40628.142277198705
CodeMorio,40601.63557930537
iTaKu,40601.63557930537
nanolink41,40588.342602784265
ItsGianzada,40511.80083007219
illusori,40428.257011441194
Foxen,40416.812896728516
XieYin,40416.812896728516
castur,40390.512710083494
Yyue,40337.989292088045
Siluxe,40337.989292088045
Channing_Gosling,40326.73617753393
JamesTanm,40317.266653332925
miltank_drink,40234.32355857354
GravelordNEETo,40206.73273232589
Joontte,40206.73273232589
freesty1995,40206.73273232589
Amine_Ghost12,40154.96186645701
Zenoblaze,40128.91681323158
woodson,40124.13032428264
Esvee,40076.9026685825
DuckOnQuackUwU,40069.20338982454
CottonPasta,40041.7822078115
Kaydo,40015.20890725436
HollowAscendant,39932.37848240187
mountang,39921.465571297296
Ker_Pouic-Pouic,39869.8541150616
Admos,39850.619667163264
b0neless,39850.619667163264
thep1ckaxe,39844.085911426875
Silvia_Rose,39823.42252093792
epicosity,39805.15043667981
ozzy88,39769.11168849539
mirakzen,39715.6188471627
Buttlu,39714.91188329107
Grimm_PT,39690.0
kwelifin,39690.0
Chuckmctastic,39673.88368548508
Bikupan,39660.8228029015
BattyPrincess,39658.29008896732
Parkourman,39633.819690286386
Sacred-_-,39613.29201341544
Madeleine_Dubitative,39562.27683259819
MrPhosphor,39552.975612013506
_Xosm,39485.93864134405
InfernOwl,39485.56274141053
DbX,39472.37863730739
Lukam0s,39472.37863730739
Boramis,39472.37863730739
GroadFace,39384.49760773456
mazlegsakin,39384.49760773456
Latschenkiefer,39365.29864963064
Nilfahliil,39365.29864963064
Prophage,39359.19842893789
MisguidedGus,39311.92197963319
Master-Kuruk,39308.67314732988
Auriwave,39283.44698199364
chikituti,39238.48315911657
Giiin,39233.06744632029
Oogy749,39207.914013758615
heunty,39157.67966399747
RONC3NA,39152.44173029738
Stoffi05,39152.44173029738
D49David49,39152.44173029738
Maroon_Gainsay,39132.59868487201
Adrigaary,39125.95606101944
olsonadr,39107.54179504854
Danman34682,39107.54179504854
Purple_PyrOZ,39099.497258015326
licreem,39073.06528496083
VueloTaco,38967.60496790086
TheBlueCraft24,38932.81548244853
Zhuankuaiya,38808.726906435295
pgwollan,38783.98038903061
helpsypoo,38749.08283867992
DreamFox,38746.912034758294
StarDotAmy,38714.73689640313
Siege,38679.78076938438
Zaikenator,38679.78076938438
gerometheelf,38679.58028752664
Edgy,38653.7731851342
shayfe,38627.7918226114
Onyx_And_Roman,38627.7918226114
bili2233,38601.83664657764
GamezDan,38601.83664657764
CatShapedEntity,38537.811665304005
ohnoitsabear,38524.12788591417
Lachox,38513.323779240476
Ultragaga,38488.859226083325
Reck1essMonkey,38472.45233453829
Dentae,38427.48220332938
Enthusiast,38395.13374278547
Simisticot,38395.13374278547
NyanCato,38366.88541835468
bnvns,38318.04799931497
pyacide,38292.40433398028
Phyroglyph,38245.4905081378
Guthlaf,38190.08666604708
Chronos,38189.924811545556
UnderYoshi,38148.78892733564
whale457,38037.377375443975
MegaCat,37961.365982526535
BattleXD,37956.48279911234
Levi967,37936.07947799401
J3Xtrom,37885.58220641453
andsowouldi,37810.025139213474
Ulguim,37810.025139213474
Locurador,37709.63348051499
Koboldduke,37670.73864971925
ShadowMaster,37609.641125494694
ImVegetarian,37599.80678661998
Linklu13,37576.20734782469
CoupCumber,37576.20734782469
Redluma,37458.542765756196
scargon,37435.076177285315
MissPissMyPants,37410.84588121349
ItzFrizzle,37287.39819805985
kennerges,37287.39819805985
Gambit_Tides,37271.42576694167
GayGoombario,37238.19015564923
TheEscapegoat,37004.55477276433
dapineaple,36878.428519714864
Xepita,36832.602580033614
GTatertots,36786.86200378073
ZeToS,36775.532811030855
wedgeofdestiny,36764.02366069995
Redmachine97,36741.206579070575
torinoko,36727.33421488363
Wagical,36718.410732509474
Timlux46,36650.150340018656
GenjisBeat,36583.30559196443
ZSRoach,36535.48428257563
LesbianRedPanda,36533.36405913042
manahnen,36511.60878294672
setria,36440.12253717743
PhenolRed,36379.00342634428
S1deSw1pe,36321.444477119236
Tarados,36297.778444532145
Dalton,36226.91896226671
AntruOP,36203.34523979838
blindsloth,36109.280075927905
5udh33r,36088.64262573161
flashback512,36044.28043861992
SnowOfAllTrades,35992.213269908665
UnrealEGelio,35955.80110913892
Deadly_Ore,35955.80110913892
sugarplumthedog,35779.817030128346
ManioJunky,35759.7811152262
thesorin65,35736.022888539796
mimigay,35714.155963618876
dandy_,35667.43827160494
lcs0612,35605.12181577291
JPschu422,35496.58622331435
Skylar,35460.97017692621
Magyar_57,35438.14000196533
Shir0Yaksha,35438.14000196533
gjrud,35431.70291095341
jackraff,35410.09615210503
Revotor,35369.78160604295
SirMik003,35347.039422669324
Phantomgodl,35280.99858809739
ConcreteFox,35259.54791305697
Arkillon,35256.28967981425
The_Golv,35238.11679492983
GreenPower713,35211.045809363575
ShadowCrafter,35188.4565263462
tipdaddy78,35165.88897424007
Adrylas,35164.04883679641
Finny666,35143.3431251806
pandakar,35131.25372742533
CrankyTemplar,35131.25372742533
Diaph,35120.8189513478
El_ahrairah,35120.8189513478
NaviUnderscore,35075.835518305124
lewski,35008.52224
Mc166,34982.460201606795
CannedIcedTea,34896.763261848144
tigerofpower,34896.763261848144
Ethanoxide,34834.60996918484
Peta_Silie,34829.9645597981
Timaris,34807.74094284275
Araraura,34793.57559252507
Nembs,34729.575776073354
RaeCutemania,34694.68647535269
Vege_Table,34681.24066992574
Baza,34630.715210970964
Netreometre,34625.015920370824
juk3n,34620.7243147467
Tipu,34549.082897179025
andzura,34500.16620498614
Laywelin,34411.32573951919
Vlador1337,34396.639883126365
daanolav,34345.91534580233
In_DarK,34324.153321735335
Unholymrdoo,34314.1539658475
ShadowNinjaStarM,34258.99120387531
TheB0B,34252.48408949735
Onikisu,34027.77777777778
DakkaDok,33987.15972376921
Unsafeman121,33957.34117711796
renda,33946.61435341562
dubious_duckling,33935.94735740812
RealXones,33914.5737491475
ShadowGravity,33914.19750164365
Nirdu,33871.887065209114
neoxid501,33845.56778241776
SpeedBass,33786.75511754849
Lemuura,33786.75511754849
linky628,33765.52227903579
Venarion,33744.97170850613
UnoOneCard,33701.94371674524
Karst,33617.45125554575
Sh4dowm3lon,33596.37778716798
isaac5753,33584.94835738625
Edible4,33584.94835738625
zephess,33575.32412778379
War_Dyke,33565.025505469595
RumoDandelion,33485.51111111111
FC,33470.35209844597
SwampMan,33470.35209844597
genesis_nova072,33445.859828488436
Redunant,33366.768257397474
theonlybrutus,33365.87158749692
Cal59,33324.21632116083
Zronk,33307.63354459032
wnyke,33248.6558960523
doicm,33137.72954471789
Graveash,33111.64907117104
tomboy_vt,33075.91504635397
oceanfalcon,33072.65979098253
XiaoTaiyang,33072.65979098253
Riddlesticks,33072.65979098253
Heyocat28,33055.348645454316
SkidInc,33055.348645454316
iamwyza,33049.888919528195
Sinossan,33033.73933564077
HangryMimic,32993.76440424743
Yunqi,32975.487345204616
Firepaw,32911.91943879167
ManyManyManyBEES,32891.505781699285
toss_the_dice,32850.735403488936
Driko68,32850.735403488936
shironwind,32830.37863533102
Shue_plays,32827.92763529688
Aitchbar,32801.652892561986
ukfan781,32789.72182358294
mamasouls,32769.421733171024
vprojectmsan,32610.1108033241
quantumtd,32603.82437709096
Mian_K,32567.453513183962
Crazey,32552.97527193346
Dramallamarama,32527.283978290787
4c696e6b,32487.188716796332
FollowsKnight,32447.16754570486
Pakatoria,32439.153767196414
Abx1865,32287.820125124235
baachan,32287.820125124235
owlzio,32250.77348150853
A_Dude,32194.579317390766
DJmaster72,32188.82334105163
C0ba1t,32169.078625465765
W_PaperPlane_W,32138.531895576565
turtlz,32129.643656906483
GabrielVitor,32082.63070558406
mc_fs,32026.87523914931
Sewil184,32011.772853185594
1ntegrator,32011.772853185594
TowelBun,32008.322379153804
ThePaleKnight,32008.322379153804
Compound1080,31972.626696218987
Mr_Salmonn,31971.26499021468
Codeuser09,31945.113001792386
Psychic_killer,31934.271918402774
BladeOfENAT,31855.618096460585
FoxieBrook,31816.757937714814
herostone67,31805.30052068945
Shamshu1,31788.56931596689
TriangleSquares,31786.939833803586
eatsdryramen,31704.806165299942
btshort_,31681.305875838927
aglasct,31662.026213497647
DaDevDana,31658.859043707504
CouchBoy69,31622.406704710414
Ailko,31567.84612817664
h_anz01,31513.426636276414
Toast6,31279.227335529813
Zombiedark,31207.69110431536
PukePerfected,31172.01498136156
olus2000,31132.23346504721
sheo,31110.483223339226
Hard2Place,31083.091863105954
saladtorres,31029.9205111342
Epsilain,31029.9205111342
NuclearChair,30979.5115554233
Manjora,30976.885476510706
Fr3wille,30976.885476510706
VeloxiTea,30942.2429734665
Eisendhal,30941.604288625058
GrizzGamez,30923.633896772
EESSPPOORRTTSS,30906.383341804976
The_Experiment,30906.383341804976
plasmathefox,30888.795415945773
Chahiakunis,30830.83984885786
Asura_Knight,30812.331165589556
skipper0808,30793.83914430118
Zuggo,30748.630898310646
DiVinePaul,30678.906134125904
Devaksion,30678.906134125904
Gobeemo,30661.511999176182
savagesaskatch,30574.762822099583
ximaere,30554.95005150136
Uscht,30463.809311650708
enbee_nyoom,30436.72795173801
ixLumina,30427.467162410787
Karmimic,30427.467162410787
ThreeStrikesOfVoid,30409.320470008337
GrubKingJinjo,30377.19613545513
Flock_Corner,30373.07575276352
pjgj210,30156.962054793956
guyisfunny07,30146.490161551515
mattkart,30146.490161551515
SabrinaStrats,30049.769146504357
Hongobouski,30045.043827992013
XiaTheDumbo,30028.185899398024
Niles,29996.38688764853
Highcarve,29944.10870167841
Ruaniamh,29899.327310476474
Scrogga,29893.831768551976
StitchyRyan,29860.384127233654
xi_toast,29819.469627377104
Yottabort,29784.27403336172
Fleen,29743.758383494256
Spensup,29731.597361517175
fennelwhyth,29627.8145658326
synapple,29594.81226868196
DJCarmichael,29579.519285763246
antuagh,29557.014078482036
Riders21,29496.135552913198
ZayedGaming,29487.611075532444
Drago314,29418.452234310484
MisterMagoo,29349.536410867295
Fr0ger,29300.2569431812
CodPo,29298.008339320673
Henwee,29203.048527080173
Bhyure33,29161.261695890473
Denkischerz,29110.228434506553
KleinKirby,29093.247114503523
JayJayRZA,29074.188017822245
JettWilliams,29042.39221302573
Wdbean,29042.39221302573
Twistud,28890.624999999996
Master9,28803.175817894768
IronLucario2012,28777.636932763722
RavenBane,28755.743671444357
Arvion,28739.95899016001
OrangeFreeze,28656.89654652142
dom_n_nick59,28557.594640649535
SalreisHope,28524.608683666618
Blunderbus,28458.042840064496
CoolWertQ,28426.975110021795
Marjhak,28425.992997103862
SunFlame9,28393.234724979033
ONoahNinja,28380.468819059206
Rac_the_Kitty,28344.20338908294
vorpal,28279.02559313932
jtheson,28181.679622008844
JoJonnyy,28149.34264289051
Wonderbop,28084.83543373963
Pycnanthemum,28068.743277969803
ghiguti,28042.883115080396
Danonymous,27988.489585571868
Bodzio_2,27956.48445430043
YFisher,27861.278305332366
Dray,27860.797755099025
Sayier,27846.218957725843
Neordie,27786.1299152584
AkaiAnsatsu,27781.43360866643
pandem0niumgod,27719.61443244331
LeBastien,27639.43020492124
spectralunicorn,27607.009480034478
JetLaudir,27568.811624465732
Oldpants,27547.687424693086
Tomoyoo,27542.429850925077
MisterJones,27499.535999999996
fripollo,27473.803355970966
Hasef,27436.22852281938
5moongoon,27405.165713508846
GermanKerman,27385.534165279518
joulutorttu,27343.198145512994
TheGreatGallus,27266.033803715072
jamiemsm,27173.866994817436
yiosen,27112.68183664178
Dulmorgoth,27097.016325764682
Spyro9x4,26793.588071086087
Pinaplou,26722.714968748613
minuano0,26705.03489900551
conrad,26690.11380143445
Moonwatcher,26330.973662461216
melkemokka,26317.142553750367
Lil_Din0,26303.322339965394
Chanporo,26291.92456400853
Jepp,26277.34830673408
misterpootis,26248.232133560374
svstarfox_04,26248.15020551437
MrWoofies,26219.164326117905
Kingcd04,26083.671340225133
EternalRedGamer,26017.034958382872
BlossomtheCellist,25947.78372897794
bluem0th,25940.68483352436
headphonesandcoffee,25845.635798447947
TheDwarfKing,25799.530236183986
Hypnxtize,25774.71900980718
Tourmi,25759.317959811724
pickletehdromer,25723.276792640336
rwk7rm8a,25572.898075258778
Alabra,25546.43194706995
WildWaffle,25466.126515989396
Euronia,25427.841320564647
Poseidieu,25355.994096211016
Reclaw93,25336.174141779145
QueenSheo,25221.610475695183
errorcouldntloadname,25154.320621271083
Hypn0si3,25114.871281128064
Stasana,25038.446745570876
FluffyHedgehog_,25038.446745570876
seagull9,25025.62131525463
michaloe,24758.54760842225
ElementalGamer44,24570.38960035043
fallgamer6,24507.138773747374
majikcs,24483.31576566604
RandomCrow,24470.914440923498
SaiMonYo,24458.522536100794
Inept,24457.66330242052
Zenton,24396.703977378704
Budderfriend,24350.41886369161
Kadium,24324.44508541835
Goonlord246,24298.280662762678
frn_,24261.525421842125
Mille_,24224.853515625
bigmannn,24118.142745529614
T3k1r1n,23889.17433187649
T4coTV,23827.692638436114
HollowHunter,23813.575726319767
letsRaeV,23713.33452958891
1BluLizard,23700.848898882785
Bigmaxu,23696.414495297755
Exacy,23638.56841364634
TMFCondor,23601.31788483433
NeoFlame,23490.093082936397
ShadowTheNardo,23477.783326521014
WafflesMoo,23465.48324378432
jooniejoone,23412.043116309385
Task_Set,23379.652678086866
EssenceofLuna,23173.157211606016
Pouleto,23161.095711635095
tangopianista,23114.50784237969
DemosDown,23093.889742466985
TechnoWyvern,23071.17630421218
Palmtree123,23014.53909394178
Lylisse,23005.149375631896
Vivayo,23005.149375631896
Ram_Is_Taken,22827.160493827163
TitaniumOwen,22756.675144366305
Soulchunk,22756.542870257657
mathijs07,22734.45725440979
CookyCunstrukter,22697.944869929353
FramesPerStab,22623.85436682896
Morp43,22601.83065981878
MegaChair,22503.120853721855
GoProMaster01,22500.39554035815
CodeWanderEr,22394.19980907848
Gafyx,22383.35122025419
SpaghetCat,22328.22122932013
Vantalar,22286.06766471695
Toneko,22248.548781757603
MrTermet,22203.212983485406
Mistoo,22090.47788768881
Stuffs27,22034.432044762856
MazerRick,22000.906858221482
kabius,21989.884866234406
Deadloch,21900.789095680502
blazingfire_15,21829.908884869852
gawkyracer33,21746.58869795815
TacoTurd,21702.59292840248
bism_th,21651.398012240585
Andrew_Mirror,21530.129155068895
moluyangyu,21509.682689787875
_Dante09,21410.30545059574
Koinii_Tofu,21407.885943417245
MangoVerde,21397.746033106683
dakari777,21337.057585193634
Jakob44,21216.452696689215
Dylamagne,21057.23034972299
Vyelle,21029.68538399156
3dog,20978.29047411199
FrostCleaver,20977.625284179307
Aaaron,20874.083362839
mimmikyute,20841.209829867672
Zaphod65,20806.144822100036
eojn,20705.468419539506
Nameless22,20679.454277418175
SlowCuber17,20599.742630743276
eigenbasis,20578.109395479994
SnailySyrup,20494.82456123383
Ziviz,20477.50769134197
sui_0x0,20447.471013768543
Desoloco,20199.71526138027
ApertureAtlas,20194.12511285113
MadisonSilver,20180.089597966078
cukeds,20111.624542645684
SJLgamers,20009.536272143323
Scol1t,19956.43535019862
DALUCKYCARPET0,19946.795724520995
Kaykao,19881.825858510038
CheeseEatingBrit,19665.720660187548
KarmaDoc,19538.80925428786
waterbottleflip61,19514.770884636317
mefn,19464.287046113117
EpiknessRedacted,18928.02390497283
kufii,18919.59365280926
the_sqveel,18885.92890208752
bUg_in,18812.354631159815
BlastSteakfist,18803.531859734096
Aalaizah,18741.94588026242
DumDum57,18715.644474244265
Shin0bu,18654.489415893884
redeaf,18611.590892023603
zanzaKlaus,18550.347319720306
ShiroStories,18440.112850787726
PeterDoesThings,18404.29907246408
Niysaki,18378.70496397451
Gumjaw,18353.164207410668
DankSolvage,18351.23523170966
superhobo40,18344.662452246237
TheBro14,18335.144714963008
imphotograpgh,18254.0613992821
SashaMeat,18231.07031262995
Dark_Xenon,18092.331722921535
beincheese,17805.690471679573
TobiaF,17804.471051963334
The_Scalliwag,17685.61084069467
WhiscashEnjoyer,17474.261008456087
TheDarkMormon,17441.793997783545
Gumzz,17392.266082165334
Cubizoid,17237.32461734694
Sectimus,17164.26971069305
tlogmusic,17110.345379837745
DocCom,17091.67825168613
madewokherd,17087.40157366186
Markot71,17048.344202137407
TheWarmFuzzy,16976.48614004166
Morianer,16912.20161786895
fa5t,16798.816131529198
ShopeN,16672.615121617964
Pvzmasterb,16665.645693280836
tenkgrow,16644.763608214205
Kiri,16550.3067358441
Kandarin,16470.485138219454
Kukulcan,16342.948479128596
Leonidas_005,16309.171597633138
Natoless,16305.440472592458
PursuitTrapped,16168.445967264122
RamenIsGood,16121.941986506663
FriskCBA,16079.908675476936
Tterraj42,16045.092384562477
BabyGrootTheEpic,15982.707377647917
Prygans,15838.549688130579
JoeJoeBeans,15814.833293466712
Luukie13,15790.930323764322
synkonn,15790.930323764322
AlexaOnSRC,15506.788418744069
Laky_MapTW,15485.168526361647
fluffyclaws,15485.168526361647
ToasterLlama,15141.541639677178
Elical,15105.404321675205
DarkInsanities,15105.404321675205
kitybroyo,15075.388622539118
lapcas,14962.977713975595
jobenijoestar,14809.22711058264
Carveo,14722.07147571609
Pelte,14675.902718640884
renanchorando,14670.146898432029
Legonerd666,14456.570657018128
Tooo0f,14444.06989851418
blastedt,14344.264083413202
UnoriginalYuh,14326.651154653238
Nubo,14214.937910883855
LilyIsTrans,14160.212502923587
Funnydunny10,13664.270397398817
MKTitan,13593.914707813317
W4rduck,13448.323255616724
St33lWha1e,13432.333969497515
Galunfgus,13212.06815765034
Xeamless,13192.418309976412
Redc_,12935.362819075877
ExtantArcana,12756.08758058229
7mountens,12724.368549446424
shadowflames,12662.968820096707
HeroSM,12587.332109736877
FireEye,12574.276213920579
Bell_Mann,12535.91306140328
Wuffinns,12427.473257476138
mrdreirad,12070.467245715634
Ruvyxzat,12029.108216020477
Kitfox,11901.951516652724
Jackweno,11789.226486140042
CNeyo,11682.183251619703
SpeedySalmon,11668.036207761015
SimplySapphire,11625.147394159043
Ultraplaykind,11539.770019485084
Carsinogen,11405.270115302015
MistyCat3838,11351.300398855918
Proxima,11237.340124156672
Rumkee,11218.076666440886
Cryptonyte,11077.05408558847
karsmars,10651.466691285737
Regalus27,10566.828006510626
ThatOneCactu,10403.42143071937
AlyssaMintChip,10176.936594143364
Misi_,10173.63067407226
Voice_of_Vitas,10051.782024793387
Water_kelpi,9962.654916790816
Dudwen,9717.67422989295
Mayannaise1,9658.99928323719
CanBeklemez,9585.929358215097
Siphons57,9423.606803243993
NayanDare,9379.326466013028
randododo64,9239.707489893868
steak_and_chips,9225.343391808905
Edea,9182.451500763458
maxpax05,9173.909023668637
Ioafus,9168.22065981612
mitchlad,8710.271087617968
FelixFL25,8692.88309310019
Karwas,8656.253980092706
its_chimera,8616.494311207529
Elzapat,8529.858762537384
Tormod04,8329.369601943246
TitaniumSalt,8095.616686635043
Lasernugg,8043.970141001762
Mailreaps,7912.435013041837
Waluiino,7869.306278817639
Dapperment,7777.620805834807
Berksman,7661.033163265307
Cage2201,7402.826630176522
DuxburYo,7388.409220671109
Nekokarp,7214.665449761412
Gesellschaft,7178.765508448181
RamVal,7135.273628522253
CallMeMob,6884.387055237724
Hypersora80,6851.291428377212
Yeeterdeleter01,6593.077798738818
BlazetheGameYT,6486.353011709887
Mango_Juice21,6023.13490585005
Turquisk,5997.125028252474
otobot1,5962.68253109789
Swayo,5757.259604506626
Benji,5548.976533881
Faisor,5547.975171406548
omerr,5449.651947202253
firestrengh,5254.426205118032
JazzyBoiZ,5042.728035657406
IvanK,5023.071676806464
JTechno,5001.238505763742
TimeLink,4978.40964816698
HamPenguin,4968.187626832287
DaLchannel14,4886.426592797784
TheFrogMage,4739.393550660105
epsiloni,4536.913938280964
Sparda_Mendez,4369.5004547342205
joltedgeo,4326.811844652819
Ms.Brightside,4325.868386938726
Th3obromine,4185.637627746583
Goid,4138.681640625
HeraldSmoky2003,3837.197651127907
Jarm0u,3633.2541935686427
Fell,3604.3504185773804
Luking4Luv,3492.7854215791763
Jazzo,3340.843878076394
SInijTheTsar,3058.114035650364
BianKzy,2904.118583958037
Xx08Nico,2705.120779160645
shanodin,2427.480835869378
ShadowNotey10,1683.9588967009197
Egeblaster,1539.1046083735332
cityinahouse,1475.5041587981937
brizzy,1021.9894470981313
Verulean,676.4607006355169
